AI Service,Free Tier Limits,Best Use Case for K-pop Tools,Rate Limits,Suitable for Production,Setup Complexity
Google Gemini API,"15 requests/min, 250K tokens/day","Name generators, Chat bot, Caption maker",Per minute and daily limits,Yes (with rate limiting),Easy (API key only)
Hugging Face (Free),300 requests/hour (registered),"Text processing, Small models","Hourly limits, may have queuing",Limited (for prototyping),Easy (token required)
Hugging Face (Pro - $9/mo),1000 requests/hour + premium models,Advanced text/image processing,"Higher limits, priority access",Yes,Easy (subscription required)
OpenAI (No free tier),No free tier (min $5 credit required),Advanced conversational AI (paid),Usage-based billing,Yes (requires payment),Medium (payment setup)
Face-api.js,Unlimited (client-side JavaScript),"Face recognition, Look-alike finder",No limits (runs in browser),Yes (client-side only),Easy (JavaScript library)
Google Vision API,1000 requests/month free,"Image analysis, Face detection",Monthly quota,Yes (small scale),Medium (Google Cloud setup)
Clarifai,5000 requests/month free,"Image recognition, Face analysis",Monthly quota,Yes (small scale),Easy (API key)
Azure Computer Vision,5000 transactions/month free,"Image analysis, OCR",Monthly quota,Yes (small scale),Medium (Azure account)
