Platform Combo,Monthly Cost,Storage/Bandwidth,Custom Domain,SSL Certificate,API Support,Limitations,Recommended For
GitHub Pages + GitHub.io subdomain,$0,1GB storage / 100GB bandwidth,No (subdomain only),Yes (automatic),Client-side only,"Static only, 10 builds/hour","Beginners, simple sites"
GitHub Pages + Freenom domain,$0,1GB storage / 100GB bandwidth,Yes (free .tk/.ml/.ga),Yes (automatic),Client-side only,"Static only, domain renewal yearly",Custom domain needed
GitHub Pages + Freenom + Cloudflare,$0,1GB storage / 100GB bandwidth + CDN,Yes (free .tk/.ml/.ga),Yes (automatic),Client-side only,"Static only, domain renewal yearly",Best performance + custom domain
Netlify + Netlify subdomain,$0,Unlimited storage / 100GB bandwidth,No (subdomain only),Yes (automatic),Serverless functions (125K/month),300 build minutes/month,Advanced features needed
Netlify + Freenom domain,$0,Unlimited storage / 100GB bandwidth,Yes (free .tk/.ml/.ga),Yes (automatic),Serverless functions (125K/month),300 build minutes/month,Advanced features + custom domain
Wix Free Plan,$0,500MB storage / 1GB bandwidth,No (Wix branding),Yes,Limited,"Wix ads, limited features",Non-technical users
Vercel Free Tier,$0,Unlimited / 100GB bandwidth,No (vercel.app subdomain),Yes (automatic),Serverless functions,Deployment limits,Next.js/React projects
Cloudflare Pages,$0,Unlimited / Unlimited,No (pages.dev subdomain),Yes (automatic),Workers/Functions,Build minute limits,High performance needs
